Location,Name,Frequency,Duplex,Offset,Tone,rToneFreq,cToneFreq,DtcsCode,DtcsPolarity,RxDtcsCode,CrossMode,Mode,TStep,Skip,Power,Comment
0,PMR1,446.006250,,0.000000,,88.5,88.5,023,NN,023,Tone->Tone,FM,6.25,,50W,G01 PMR-446 #00
1,PMR2,446.018750,,0.000000,,88.5,88.5,023,NN,023,Tone->Tone,FM,6.25,,50W,G01 PMR-446 #01
2,PMR3,446.031250,,0.000000,,88.5,88.5,023,NN,023,Tone->Tone,FM,6.25,,50W,G01 PMR-446 #02
3,PMR4,446.043750,,0.000000,,88.5,88.5,023,NN,023,Tone->Tone,FM,6.25,,50W,G01 PMR-446 #03
4,PMR5,446.056250,,0.000000,,88.5,88.5,023,NN,023,Tone->Tone,FM,6.25,,50W,G01 PMR-446 #04
5,PMR6,446.068750,,0.000000,,88.5,88.5,023,NN,023,Tone->Tone,FM,6.25,,50W,G01 PMR-446 #05
6,PMR7,446.081250,,0.000000,,88.5,88.5,023,NN,023,Tone->Tone,FM,6.25,,50W,G01 PMR-446 #06
7,PMR8,446.093750,,0.000000,,88.5,88.5,023,NN,023,Tone->Tone,FM,6.25,,50W,G01 PMR-446 #07
8,PMR9,446.106250,,0.000000,,88.5,88.5,023,NN,023,Tone->Tone,FM,6.25,,50W,G01 PMR-446 #08
9,PMR10,446.118750,,0.000000,,88.5,88.5,023,NN,023,Tone->Tone,FM,6.25,,50W,G01 PMR-446 #09
10,PMR11,446.131250,,0.000000,,88.5,88.5,023,NN,023,Tone->Tone,FM,6.25,,50W,G01 PMR-446 #10
11,PMR12,446.143750,,0.000000,,88.5,88.5,023,NN,023,Tone->Tone,FM,6.25,,50W,G01 PMR-446 #11
12,PMR13,446.156250,,0.000000,,88.5,88.5,023,NN,023,Tone->Tone,FM,6.25,,50W,G01 PMR-446 #12
13,PMR14,446.168750,,0.000000,,88.5,88.5,023,NN,023,Tone->Tone,FM,6.25,,50W,G01 PMR-446 #13
14,PMR15,446.181250,,0.000000,,88.5,88.5,023,NN,023,Tone->Tone,FM,6.25,,50W,G01 PMR-446 #14
15,PMR16,446.193750,,0.000000,,88.5,88.5,023,NN,023,Tone->Tone,FM,6.25,,50W,G01 PMR-446 #15
16,dPMR 1,446.103125,,0.000000,,88.5,88.5,023,NN,023,Tone->Tone,DIG,6.25,,50W,G01 PMR-446 #16 [dPMR]
17,dPMR2,446.109375,,0.000000,,88.5,88.5,023,NN,023,Tone->Tone,DIG,6.25,,50W,G01 PMR-446 #17 [dPMR]
18,dPMR3,446.115625,,0.000000,,88.5,88.5,023,NN,023,Tone->Tone,DIG,6.25,,50W,G01 PMR-446 #18 [dPMR]
19,dPMR4,446.121875,,0.000000,,88.5,88.5,023,NN,023,Tone->Tone,DIG,6.25,,50W,G01 PMR-446 #19 [dPMR]
20,dPMR5,446.128125,,0.000000,,88.5,88.5,023,NN,023,Tone->Tone,DIG,6.25,,50W,G01 PMR-446 #20 [dPMR]
21,dPMR6,446.134375,,0.000000,,88.5,88.5,023,NN,023,Tone->Tone,DIG,6.25,,50W,G01 PMR-446 #21 [dPMR]
22,dPMR7,446.140625,,0.000000,,88.5,88.5,023,NN,023,Tone->Tone,DIG,6.25,,50W,G01 PMR-446 #22 [dPMR]
23,dPMR8,446.146875,,0.000000,,88.5,88.5,023,NN,023,Tone->Tone,DIG,6.25,,50W,G01 PMR-446 #23 [dPMR]
24,dPMR9,446.153125,,0.000000,,88.5,88.5,023,NN,023,Tone->Tone,DIG,6.25,,50W,G01 PMR-446 #24 [dPMR]
25,dPMR10,446.159375,,0.000000,,88.5,88.5,023,NN,023,Tone->Tone,DIG,6.25,,50W,G01 PMR-446 #25 [dPMR]
26,dPMR11,446.165625,,0.000000,,88.5,88.5,023,NN,023,Tone->Tone,DIG,6.25,,50W,G01 PMR-446 #26 [dPMR]
27,dPMR12,446.171875,,0.000000,,88.5,88.5,023,NN,023,Tone->Tone,DIG,6.25,,50W,G01 PMR-446 #27 [dPMR]
28,dPMR13,446.178125,,0.000000,,88.5,88.5,023,NN,023,Tone->Tone,DIG,6.25,,50W,G01 PMR-446 #28 [dPMR]
29,dPMR14,446.184375,,0.000000,,88.5,88.5,023,NN,023,Tone->Tone,DIG,6.25,,50W,G01 PMR-446 #29 [dPMR]
30,dPMR15,446.190625,,0.000000,,88.5,88.5,023,NN,023,Tone->Tone,DIG,6.25,,50W,G01 PMR-446 #30 [dPMR]
31,dPMR16,446.196875,,0.000000,,88.5,88.5,023,NN,023,Tone->Tone,DIG,6.25,,50W,G01 PMR-446 #31 [dPMR]
32,TWR Kruunupyy,120.100000,,0.000000,,88.5,88.5,023,NN,023,Tone->Tone,AM,25.00,,50W,G02 Ilmailu #00
33,Radar Oulu,118.150000,,0.000000,,88.5,88.5,023,NN,023,Tone->Tone,AM,25.00,,50W,G02 Ilmailu #01
34,TWR Uumaja,119.800000,,0.000000,,88.5,88.5,023,NN,023,Tone->Tone,AM,25.00,,50W,G02 Ilmailu #02
35,TWR Vaasa,120.950000,,0.000000,,88.5,88.5,023,NN,023,Tone->Tone,AM,25.00,,50W,G02 Ilmailu #03
36,Ilmailu hata,121.500000,,0.000000,,88.5,88.5,023,NN,023,Tone->Tone,AM,25.00,,50W,G02 Ilmailu #04
37,TWR Skellefteo,122.050000,,0.000000,,88.5,88.5,023,NN,023,Tone->Tone,AM,25.00,,50W,G02 Ilmailu #05
38,TWR Kauhava,122.800000,,0.000000,,88.5,88.5,023,NN,023,Tone->Tone,AM,25.00,,50W,G02 Ilmailu #06
39,Sulkaharju,123.500000,,0.000000,,88.5,88.5,023,NN,023,Tone->Tone,AM,25.00,,50W,G02 Ilmailu #07
40,ATS Sjoki,123.600000,,0.000000,,88.5,88.5,023,NN,023,Tone->Tone,AM,25.00,,50W,G02 Ilmailu #08
41,ACC Sect6 TRE,124.200000,,0.000000,,88.5,88.5,023,NN,023,Tone->Tone,AM,25.00,,50W,G02 Ilmailu #09
42,ACC Stocholm,124.425000,,0.000000,,88.5,88.5,023,NN,023,Tone->Tone,AM,25.00,,50W,G02 Ilmailu #10
43,HuviveneL1,155.500000,,0.000000,,88.5,88.5,023,NN,023,Tone->Tone,FM,25.00,,50W,G03 Marine #00
44,HuviveneL2,155.525000,,0.000000,,88.5,88.5,023,NN,023,Tone->Tone,FM,25.00,,50W,G03 Marine #01
45,HuviveneL3,155.650000,,0.000000,,88.5,88.5,023,NN,023,Tone->Tone,FM,25.00,,50W,G03 Marine #02
46,M60S,156.025000,,0.000000,,88.5,88.5,023,NN,023,Tone->Tone,FM,25.00,,50W,G03 Marine #03
47,M01S,156.050000,,0.000000,,88.5,88.5,023,NN,023,Tone->Tone,FM,25.00,,50W,G03 Marine #04
48,M61S,156.075000,,0.000000,,88.5,88.5,023,NN,023,Tone->Tone,FM,25.00,,50W,G03 Marine #05
49,M02S,156.100000,,0.000000,,88.5,88.5,023,NN,023,Tone->Tone,FM,25.00,,50W,G03 Marine #06
50,M62S,156.125000,,0.000000,,88.5,88.5,023,NN,023,Tone->Tone,FM,25.00,,50W,G03 Marine #07
51,M03S,156.150000,,0.000000,,88.5,88.5,023,NN,023,Tone->Tone,FM,25.00,,50W,G03 Marine #08
52,M63S,156.175000,,0.000000,,88.5,88.5,023,NN,023,Tone->Tone,FM,25.00,,50W,G03 Marine #09
53,M04S,156.200000,,0.000000,,88.5,88.5,023,NN,023,Tone->Tone,FM,25.00,,50W,G03 Marine #10
54,M64S,156.225000,,0.000000,,88.5,88.5,023,NN,023,Tone->Tone,FM,25.00,,50W,G03 Marine #11
55,M05S,156.250000,,0.000000,,88.5,88.5,023,NN,023,Tone->Tone,FM,25.00,,50W,G03 Marine #12
56,M65S,156.275000,,0.000000,,88.5,88.5,023,NN,023,Tone->Tone,FM,25.00,,50W,G03 Marine #13
57,M06,156.300000,,0.000000,,88.5,88.5,023,NN,023,Tone->Tone,FM,25.00,,50W,G03 Marine #14
58,M66S,156.325000,,0.000000,,88.5,88.5,023,NN,023,Tone->Tone,FM,25.00,,50W,G03 Marine #15
59,M07S,156.350000,,0.000000,,88.5,88.5,023,NN,023,Tone->Tone,FM,25.00,,50W,G03 Marine #16
60,M67-BotnVTS,156.375000,,0.000000,,88.5,88.5,023,NN,023,Tone->Tone,FM,25.00,,50W,G03 Marine #17
61,M08,156.400000,,0.000000,,88.5,88.5,023,NN,023,Tone->Tone,FM,25.00,,50W,G03 Marine #18
62,M68,156.425000,,0.000000,,88.5,88.5,023,NN,023,Tone->Tone,FM,25.00,,50W,G03 Marine #19
63,M09,156.450000,,0.000000,,88.5,88.5,023,NN,023,Tone->Tone,FM,25.00,,50W,G03 Marine #20
64,M69,156.475000,,0.000000,,88.5,88.5,023,NN,023,Tone->Tone,FM,25.00,,50W,G03 Marine #21
65,M10,156.500000,,0.000000,,88.5,88.5,023,NN,023,Tone->Tone,FM,25.00,,50W,G03 Marine #22
66,M70,156.525000,,0.000000,,88.5,88.5,023,NN,023,Tone->Tone,FM,25.00,,50W,G03 Marine #23
67,M11,156.550000,,0.000000,,88.5,88.5,023,NN,023,Tone->Tone,FM,25.00,,50W,G03 Marine #24
68,M71,156.575000,,0.000000,,88.5,88.5,023,NN,023,Tone->Tone,FM,25.00,,50W,G03 Marine #25
69,M12,156.600000,,0.000000,,88.5,88.5,023,NN,023,Tone->Tone,FM,25.00,,50W,G03 Marine #26
70,M72,156.625000,,0.000000,,88.5,88.5,023,NN,023,Tone->Tone,FM,25.00,,50W,G03 Marine #27
71,M13,156.650000,,0.000000,,88.5,88.5,023,NN,023,Tone->Tone,FM,25.00,,50W,G03 Marine #28
72,M73,156.675000,,0.000000,,88.5,88.5,023,NN,023,Tone->Tone,FM,25.00,,50W,G03 Marine #29
73,M14,156.700000,,0.000000,,88.5,88.5,023,NN,023,Tone->Tone,FM,25.00,,50W,G03 Marine #30
74,M74,156.725000,,0.000000,,88.5,88.5,023,NN,023,Tone->Tone,FM,25.00,,50W,G03 Marine #31
75,M15,156.750000,,0.000000,,88.5,88.5,023,NN,023,Tone->Tone,FM,25.00,,50W,G03 Marine #32
76,M75,156.775000,,0.000000,,88.5,88.5,023,NN,023,Tone->Tone,FM,25.00,,50W,G03 Marine #33
77,M16-kutsu,156.800000,,0.000000,,88.5,88.5,023,NN,023,Tone->Tone,FM,25.00,,50W,G03 Marine #34
78,M76,156.825000,,0.000000,,88.5,88.5,023,NN,023,Tone->Tone,FM,25.00,,50W,G03 Marine #35
79,M17,156.850000,,0.000000,,88.5,88.5,023,NN,023,Tone->Tone,FM,25.00,,50W,G03 Marine #36
80,M77,156.875000,,0.000000,,88.5,88.5,023,NN,023,Tone->Tone,FM,25.00,,50W,G03 Marine #37
81,M18S,156.900000,,0.000000,,88.5,88.5,023,NN,023,Tone->Tone,FM,25.00,,50W,G03 Marine #38
82,M78S,156.925000,,0.000000,,88.5,88.5,023,NN,023,Tone->Tone,FM,25.00,,50W,G03 Marine #39
83,M19S,156.950000,,0.000000,,88.5,88.5,023,NN,023,Tone->Tone,FM,25.00,,50W,G03 Marine #40
84,M79S,156.975000,,0.000000,,88.5,88.5,023,NN,023,Tone->Tone,FM,25.00,,50W,G03 Marine #41
85,M20S,157.000000,,0.000000,,88.5,88.5,023,NN,023,Tone->Tone,FM,25.00,,50W,G03 Marine #42
86,M80S,157.025000,,0.000000,,88.5,88.5,023,NN,023,Tone->Tone,FM,25.00,,50W,G03 Marine #43
87,M21S,157.050000,,0.000000,,88.5,88.5,023,NN,023,Tone->Tone,FM,25.00,,50W,G03 Marine #44
88,M81S,157.075000,,0.000000,,88.5,88.5,023,NN,023,Tone->Tone,FM,25.00,,50W,G03 Marine #45
89,M22S,157.100000,,0.000000,,88.5,88.5,023,NN,023,Tone->Tone,FM,25.00,,50W,G03 Marine #46
90,M82S,157.125000,,0.000000,,88.5,88.5,023,NN,023,Tone->Tone,FM,25.00,,50W,G03 Marine #47
91,M23S,157.150000,,0.000000,,88.5,88.5,023,NN,023,Tone->Tone,FM,25.00,,50W,G03 Marine #48
92,M83S,157.175000,,0.000000,,88.5,88.5,023,NN,023,Tone->Tone,FM,25.00,,50W,G03 Marine #49
93,M24S,157.200000,,0.000000,,88.5,88.5,023,NN,023,Tone->Tone,FM,25.00,,50W,G03 Marine #50
94,M84S,157.225000,,0.000000,,88.5,88.5,023,NN,023,Tone->Tone,FM,25.00,,50W,G03 Marine #51
95,M25S,157.250000,,0.000000,,88.5,88.5,023,NN,023,Tone->Tone,FM,25.00,,50W,G03 Marine #52
96,M85S,157.275000,,0.000000,,88.5,88.5,023,NN,023,Tone->Tone,FM,25.00,,50W,G03 Marine #53
97,M26S,157.300000,,0.000000,,88.5,88.5,023,NN,023,Tone->Tone,FM,25.00,,50W,G03 Marine #54
98,M86S,157.325000,,0.000000,,88.5,88.5,023,NN,023,Tone->Tone,FM,25.00,,50W,G03 Marine #55
99,M27S,157.350000,,0.000000,,88.5,88.5,023,NN,023,Tone->Tone,FM,25.00,,50W,G03 Marine #56
100,M87,157.375000,,0.000000,,88.5,88.5,023,NN,023,Tone->Tone,FM,25.00,,50W,G03 Marine #57
101,M28S,157.400000,,0.000000,,88.5,88.5,023,NN,023,Tone->Tone,FM,25.00,,50W,G03 Marine #58
102,M88,157.425000,,0.000000,,88.5,88.5,023,NN,023,Tone->Tone,FM,25.00,,50W,G03 Marine #59
103,M60L,160.625000,,0.000000,,88.5,88.5,023,NN,023,Tone->Tone,FM,25.00,,50W,G03 Marine #60
104,M01L,160.650000,,0.000000,,88.5,88.5,023,NN,023,Tone->Tone,FM,25.00,,50W,G03 Marine #61
105,M61L,160.675000,,0.000000,,88.5,88.5,023,NN,023,Tone->Tone,FM,25.00,,50W,G03 Marine #62
106,M02L,160.700000,,0.000000,,88.5,88.5,023,NN,023,Tone->Tone,FM,25.00,,50W,G03 Marine #63
107,M62L,160.725000,,0.000000,,88.5,88.5,023,NN,023,Tone->Tone,FM,25.00,,50W,G03 Marine #64
108,M03L,160.750000,,0.000000,,88.5,88.5,023,NN,023,Tone->Tone,FM,25.00,,50W,G03 Marine #65
109,M63L,160.775000,,0.000000,,88.5,88.5,023,NN,023,Tone->Tone,FM,25.00,,50W,G03 Marine #66
110,M04L,160.800000,,0.000000,,88.5,88.5,023,NN,023,Tone->Tone,FM,25.00,,50W,G03 Marine #67
111,M64L,160.825000,,0.000000,,88.5,88.5,023,NN,023,Tone->Tone,FM,25.00,,50W,G03 Marine #68
112,M05L,160.850000,,0.000000,,88.5,88.5,023,NN,023,Tone->Tone,FM,25.00,,50W,G03 Marine #69
113,M65L,160.875000,,0.000000,,88.5,88.5,023,NN,023,Tone->Tone,FM,25.00,,50W,G03 Marine #70
114,M66L,160.925000,,0.000000,,88.5,88.5,023,NN,023,Tone->Tone,FM,25.00,,50W,G03 Marine #71
115,M07L,160.950000,,0.000000,,88.5,88.5,023,NN,023,Tone->Tone,FM,25.00,,50W,G03 Marine #72
116,M18L,161.500000,,0.000000,,88.5,88.5,023,NN,023,Tone->Tone,FM,25.00,,50W,G03 Marine #73
117,M78L,161.525000,,0.000000,,88.5,88.5,023,NN,023,Tone->Tone,FM,25.00,,50W,G03 Marine #74
118,M19L,161.550000,,0.000000,,88.5,88.5,023,NN,023,Tone->Tone,FM,25.00,,50W,G03 Marine #75
119,M79L,161.575000,,0.000000,,88.5,88.5,023,NN,023,Tone->Tone,FM,25.00,,50W,G03 Marine #76
120,M20L,161.600000,,0.000000,,88.5,88.5,023,NN,023,Tone->Tone,FM,25.00,,50W,G03 Marine #77
121,M80L,161.625000,,0.000000,,88.5,88.5,023,NN,023,Tone->Tone,FM,25.00,,50W,G03 Marine #78
122,M21L,161.650000,,0.000000,,88.5,88.5,023,NN,023,Tone->Tone,FM,25.00,,50W,G03 Marine #79
123,M81L,161.675000,,0.000000,,88.5,88.5,023,NN,023,Tone->Tone,FM,25.00,,50W,G03 Marine #80
124,M22L,161.700000,,0.000000,,88.5,88.5,023,NN,023,Tone->Tone,FM,25.00,,50W,G03 Marine #81
125,M82L,161.725000,,0.000000,,88.5,88.5,023,NN,023,Tone->Tone,FM,25.00,,50W,G03 Marine #82
126,M23L,161.750000,,0.000000,,88.5,88.5,023,NN,023,Tone->Tone,FM,25.00,,50W,G03 Marine #83
127,M83L,161.775000,,0.000000,,88.5,88.5,023,NN,023,Tone->Tone,FM,25.00,,50W,G03 Marine #84
128,M24L,161.800000,,0.000000,,88.5,88.5,023,NN,023,Tone->Tone,FM,25.00,,50W,G03 Marine #85
129,M84L,161.825000,,0.000000,,88.5,88.5,023,NN,023,Tone->Tone,FM,25.00,,50W,G03 Marine #86
130,M25L,161.850000,,0.000000,,88.5,88.5,023,NN,023,Tone->Tone,FM,25.00,,50W,G03 Marine #87
131,M85L,161.875000,,0.000000,,88.5,88.5,023,NN,023,Tone->Tone,FM,25.00,,50W,G03 Marine #88
132,M26L,161.900000,,0.000000,,88.5,88.5,023,NN,023,Tone->Tone,FM,25.00,,50W,G03 Marine #89
133,M86L,161.925000,,0.000000,,88.5,88.5,023,NN,023,Tone->Tone,FM,25.00,,50W,G03 Marine #90
134,M27L,161.950000,,0.000000,,88.5,88.5,023,NN,023,Tone->Tone,FM,25.00,,50W,G03 Marine #91
135,AIS1,161.975000,,0.000000,,88.5,88.5,023,NN,023,Tone->Tone,FM,25.00,,50W,G03 Marine #92
136,M28L-TurkuRadio,162.000000,,0.000000,,88.5,88.5,023,NN,023,Tone->Tone,FM,25.00,,50W,G03 Marine #93
137,AIS2,162.025000,,0.000000,,88.5,88.5,023,NN,023,Tone->Tone,FM,25.00,,50W,G03 Marine #94
138,Easy hits Lapua,87.600000,,0.000000,,88.5,88.5,023,NN,023,Tone->Tone,WFM,25.00,,50W,G04 BC radio #00
139,Yle radio 1 Lapu,88.200000,,0.000000,,88.5,88.5,023,NN,023,Tone->Tone,WFM,25.00,,50W,G04 BC radio #01
140,POPfm Kruunupyy,88.800000,,0.000000,,88.5,88.5,023,NN,023,Tone->Tone,WFM,25.00,,50W,G04 BC radio #02
141,Pooki Kokkola,89.300000,,0.000000,,88.5,88.5,023,NN,023,Tone->Tone,WFM,25.00,,50W,G04 BC radio #03
142,Jarviradio Vimpe,89.700000,,0.000000,,88.5,88.5,023,NN,023,Tone->Tone,WFM,25.00,,50W,G04 BC radio #04
143,YleX lapua,90.100000,,0.000000,,88.5,88.5,023,NN,023,Tone->Tone,WFM,25.00,,50W,G04 BC radio #05
144,Yle suomi Evijar,90.700000,,0.000000,,88.5,88.5,023,NN,023,Tone->Tone,WFM,25.00,,50W,G04 BC radio #06
145,Yle radio 1 Kruu,91.400000,,0.000000,,88.5,88.5,023,NN,023,Tone->Tone,WFM,25.00,,50W,G04 BC radio #07
146,Saldels Kokkola,91.800000,,0.000000,,88.5,88.5,023,NN,023,Tone->Tone,WFM,25.00,,50W,G04 BC radio #08
147,Yle suomi Lapua,93.100000,,0.000000,,88.5,88.5,023,NN,023,Tone->Tone,WFM,25.00,,50W,G04 BC radio #09
148,YleX kruunupyy,94.000000,,0.000000,,88.5,88.5,023,NN,023,Tone->Tone,WFM,25.00,,50W,G04 BC radio #10
149,Jarviradio Peder,94.600000,,0.000000,,88.5,88.5,023,NN,023,Tone->Tone,WFM,25.00,,50W,G04 BC radio #11
150,HitMix Kruunupyy,94.900000,,0.000000,,88.5,88.5,023,NN,023,Tone->Tone,WFM,25.00,,50W,G04 BC radio #12
151,Yle X3M lapua,95.200000,,0.000000,,88.5,88.5,023,NN,023,Tone->Tone,WFM,25.00,,50W,G04 BC radio #13
152,Yle X haapavesi,96.100000,,0.000000,,88.5,88.5,023,NN,023,Tone->Tone,WFM,25.00,,50W,G04 BC radio #14
153,Yle suomi Pihtip,97.000000,,0.000000,,88.5,88.5,023,NN,023,Tone->Tone,WFM,25.00,,50W,G04 BC radio #15
154,Yle suomi Kruunu,97.600000,,0.000000,,88.5,88.5,023,NN,023,Tone->Tone,WFM,25.00,,50W,G04 BC radio #16
155,Hitmix Lapua,98.200000,,0.000000,,88.5,88.5,023,NN,023,Tone->Tone,WFM,25.00,,50W,G04 BC radio #17
156,Yle suomi Haapav,98.400000,,0.000000,,88.5,88.5,023,NN,023,Tone->Tone,WFM,25.00,,50W,G04 BC radio #18
157,Nova Kruupupyy,98.800000,,0.000000,,88.5,88.5,023,NN,023,Tone->Tone,WFM,25.00,,50W,G04 BC radio #19
158,X3M Kruunupyy,99.700000,,0.000000,,88.5,88.5,023,NN,023,Tone->Tone,WFM,25.00,,50W,G04 BC radio #20
159,Radio Vaasa Kokk,100.300000,,0.000000,,88.5,88.5,023,NN,023,Tone->Tone,WFM,25.00,,50W,G04 BC radio #21
160,Vega Pihtipudas,100.800000,,0.000000,,88.5,88.5,023,NN,023,Tone->Tone,WFM,25.00,,50W,G04 BC radio #22
161,Patmos Kokkola,101.300000,,0.000000,,88.5,88.5,023,NN,023,Tone->Tone,WFM,25.00,,50W,G04 BC radio #23
162,Vega Lapua,101.500000,,0.000000,,88.5,88.5,023,NN,023,Tone->Tone,WFM,25.00,,50W,G04 BC radio #24
163,POPfm Haapavesi,101.900000,,0.000000,,88.5,88.5,023,NN,023,Tone->Tone,WFM,25.00,,50W,G04 BC radio #25
164,NRJ Alajarvi,102.200000,,0.000000,,88.5,88.5,023,NN,023,Tone->Tone,WFM,25.00,,50W,G04 BC radio #26
165,Vega Kruupupyy,102.700000,,0.000000,,88.5,88.5,023,NN,023,Tone->Tone,WFM,25.00,,50W,G04 BC radio #27
166,Suomipop Lapua,103.300000,,0.000000,,88.5,88.5,023,NN,023,Tone->Tone,WFM,25.00,,50W,G04 BC radio #28
167,Jarviradio Kaust,103.700000,,0.000000,,88.5,88.5,023,NN,023,Tone->Tone,WFM,25.00,,50W,G04 BC radio #29
168,Classic hits Lap,104.100000,,0.000000,,88.5,88.5,023,NN,023,Tone->Tone,WFM,25.00,,50W,G04 BC radio #30
169,NRJ Kokkola,104.900000,,0.000000,,88.5,88.5,023,NN,023,Tone->Tone,WFM,25.00,,50W,G04 BC radio #31
170,Nova Pihtipudas,105.100000,,0.000000,,88.5,88.5,023,NN,023,Tone->Tone,WFM,25.00,,50W,G04 BC radio #32
171,Suomipop Kruunup,105.300000,,0.000000,,88.5,88.5,023,NN,023,Tone->Tone,WFM,25.00,,50W,G04 BC radio #33
172,Dei Kruunupyy,105.900000,,0.000000,,88.5,88.5,023,NN,023,Tone->Tone,WFM,25.00,,50W,G04 BC radio #34
173,City Kruunupyy,107.200000,,0.000000,,88.5,88.5,023,NN,023,Tone->Tone,WFM,25.00,,50W,G04 BC radio #35
174,Aito Iskelma Kok,107.800000,,0.000000,,88.5,88.5,023,NN,023,Tone->Tone,WFM,25.00,,50W,G04 BC radio #36
175,OH9VHF pirttikos,144.417000,,0.000000,,88.5,88.5,023,NN,023,Tone->Tone,CW,25.00,,50W,G05 Beacons #00
176,OH7VHF tuupovaar,144.433000,,0.000000,,88.5,88.5,023,NN,023,Tone->Tone,CW,25.00,,50W,G05 Beacons #01
177,OH2VHH Vanha,144.470000,,0.000000,,88.5,88.5,023,NN,023,Tone->Tone,CW,25.00,,50W,G05 Beacons #02
178,OH2VHF Inkoo,144.443000,,0.000000,,88.5,88.5,023,NN,023,Tone->Tone,CW,25.00,,50W,G05 Beacons #03
179,OH9UHF pirttikos,432.417000,,0.000000,,88.5,88.5,023,NN,023,Tone->Tone,CW,25.00,,50W,G05 Beacons #04
180,OH7UHF uusikaarl,432.432000,,0.000000,,88.5,88.5,023,NN,023,Tone->Tone,CW,25.00,,50W,G05 Beacons #05
181,OH2UHF Inkoo,432.443000,,0.000000,,88.5,88.5,023,NN,023,Tone->Tone,CW,25.00,,50W,G05 Beacons #06
182,SK2VHF Vindeln,145.457000,,0.000000,,88.5,88.5,023,NN,023,Tone->Tone,CW,25.00,,50W,G05 Beacons #07
183,SK3VHF Ostersund,144.421000,,0.000000,,88.5,88.5,023,NN,023,Tone->Tone,CW,25.00,,50W,G05 Beacons #08
184,SK4MPI Borlange,144.412000,,0.000000,,88.5,88.5,023,NN,023,Tone->Tone,CW,25.00,,50W,G05 Beacons #09
185,SK1VHF Klinterha,144.447000,,0.000000,,88.5,88.5,023,NN,023,Tone->Tone,CW,25.00,,50W,G05 Beacons #10
186,EFKK metar,125.025000,,0.000000,,88.5,88.5,023,NN,023,Tone->Tone,AM,6.25,,50W,G05 Beacons #11
187,160 OH-paalu,1.846000,,0.000000,,88.5,88.5,023,NN,023,Tone->Tone,LSB,5.00,,50W,G06 HF-suomipaalut #00 [TS 0.1k]
188,80m OH-paalu,3.699000,,0.000000,,88.5,88.5,023,NN,023,Tone->Tone,LSB,5.00,,50W,G06 HF-suomipaalut #01 [TS 0.1k]
189,SRAL bulletiini,3.685000,,0.000000,,88.5,88.5,023,NN,023,Tone->Tone,LSB,5.00,,50W,G06 HF-suomipaalut #02 [TS 0.1k]
190,SRAL bulletiini,7.070000,,0.000000,,88.5,88.5,023,NN,023,Tone->Tone,LSB,5.00,,50W,G06 HF-suomipaalut #03 [TS 0.1k]
191,20m OH-tapaamine,14.267000,,0.000000,,88.5,88.5,023,NN,023,Tone->Tone,USB,5.00,,50W,G06 HF-suomipaalut #04 [TS 0.1k]
192,80m AM OH,3.720000,,0.000000,,88.5,88.5,023,NN,023,Tone->Tone,AM,5.00,,50W,G06 HF-suomipaalut #05 [TS 0.1k]
193,Buzzer,4.625000,,0.000000,,88.5,88.5,023,NN,023,Tone->Tone,USB,5.00,,50W,G07 HF-utility #00 [TS 0.1k]
194,PIP,5.448000,,0.000000,,88.5,88.5,023,NN,023,Tone->Tone,USB,5.00,,50W,G07 HF-utility #01 [TS 0.1k]
195,Squeaky wheel,8.992000,,0.000000,,88.5,88.5,023,NN,023,Tone->Tone,USB,5.00,,50W,G07 HF-utility #02 [TS 0.1k]
196,USAF GHS,11.175000,,0.000000,,88.5,88.5,023,NN,023,Tone->Tone,USB,5.00,,50W,G07 HF-utility #03 [TS 0.1k]
197,Shannon volmet,6.604000,,0.000000,,88.5,88.5,023,NN,023,Tone->Tone,USB,5.00,,50W,G07 HF-utility #04 [TS 0.1k]
198,WWV time signal,5.000000,,0.000000,,88.5,88.5,023,NN,023,Tone->Tone,AM,5.00,,50W,G07 HF-utility #05 [TS 0.1k]
199,HFGCS US mil,11.252000,,0.000000,,88.5,88.5,023,NN,023,Tone->Tone,USB,5.00,,50W,G07 HF-utility #06 [TS 0.1k]
200,RWM RUS,4.996000,,0.000000,,88.5,88.5,023,NN,023,Tone->Tone,CW,5.00,,50W,G07 HF-utility #07 [TS 0.1k]
201,Squeaky Wheel,3.365000,,0.000000,,88.5,88.5,023,NN,023,Tone->Tone,USB,5.00,,50W,G07 HF-utility #08 [TS 0.1k]
202,Canada time CHU,3.330000,,0.000000,,88.5,88.5,023,NN,023,Tone->Tone,USB,5.00,,50W,G07 HF-utility #09 [TS 0.1k]
203,Shannon ireland,3.413000,,0.000000,,88.5,88.5,023,NN,023,Tone->Tone,USB,5.00,,50W,G07 HF-utility #10 [TS 0.1k]
204,PIP,3.756000,,0.000000,,88.5,88.5,023,NN,023,Tone->Tone,USB,5.00,,50W,G07 HF-utility #11 [TS 0.1k]
205,RAF volmet,5.450000,,0.000000,,88.5,88.5,023,NN,023,Tone->Tone,USB,5.00,,50W,G07 HF-utility #12 [TS 0.1k]
206,Shannon volmet,5.505000,,0.000000,,88.5,88.5,023,NN,023,Tone->Tone,USB,5.00,,50W,G07 HF-utility #13 [TS 0.1k]
207,Squeaky wheel,5.367000,,0.000000,,88.5,88.5,023,NN,023,Tone->Tone,USB,5.00,,50W,G07 HF-utility #14 [TS 0.1k]
208,Squeaky wheel,8.957000,,0.000000,,88.5,88.5,023,NN,023,Tone->Tone,USB,5.00,,50W,G07 HF-utility #15 [TS 0.1k]
209,Shannon volmet,8.957000,,0.000000,,88.5,88.5,023,NN,023,Tone->Tone,USB,5.00,,50W,G07 HF-utility #16 [TS 0.1k]
210,HFGCS,8.992000,,0.000000,,88.5,88.5,023,NN,023,Tone->Tone,USB,5.00,,50W,G07 HF-utility #17 [TS 0.1k]
211,WWV,10.000000,,0.000000,,88.5,88.5,023,NN,023,Tone->Tone,USB,5.00,,50W,G07 HF-utility #18 [TS 0.1k]
212,RAF volmet,11.253000,,0.000000,,88.5,88.5,023,NN,023,Tone->Tone,USB,5.00,,50W,G07 HF-utility #19 [TS 0.1k]
213,Shannon volmet,13.264000,,0.000000,,88.5,88.5,023,NN,023,Tone->Tone,USB,5.00,,50W,G07 HF-utility #20 [TS 0.1k]
214,HFGCS,15.016000,,0.000000,,88.5,88.5,023,NN,023,Tone->Tone,USB,5.00,,50W,G07 HF-utility #21 [TS 0.1k]
215,CB 1,26.965000,,0.000000,,88.5,88.5,023,NN,023,Tone->Tone,FM,25.00,,50W,G08 CB #00
216,CB 2,26.975000,,0.000000,,88.5,88.5,023,NN,023,Tone->Tone,FM,25.00,,50W,G08 CB #01
217,CB 3,26.985000,,0.000000,,88.5,88.5,023,NN,023,Tone->Tone,FM,25.00,,50W,G08 CB #02
218,CB 4,27.005000,,0.000000,,88.5,88.5,023,NN,023,Tone->Tone,FM,25.00,,50W,G08 CB #03
219,CB 5,27.015000,,0.000000,,88.5,88.5,023,NN,023,Tone->Tone,FM,25.00,,50W,G08 CB #04
220,CB 6,27.025000,,0.000000,,88.5,88.5,023,NN,023,Tone->Tone,FM,25.00,,50W,G08 CB #05
221,CB 7,27.035000,,0.000000,,88.5,88.5,023,NN,023,Tone->Tone,FM,25.00,,50W,G08 CB #06
222,CB 8,27.055000,,0.000000,,88.5,88.5,023,NN,023,Tone->Tone,FM,25.00,,50W,G08 CB #07
223,CB 9,27.065000,,0.000000,,88.5,88.5,023,NN,023,Tone->Tone,FM,25.00,,50W,G08 CB #08
224,CB 10,27.075000,,0.000000,,88.5,88.5,023,NN,023,Tone->Tone,FM,25.00,,50W,G08 CB #09
225,CB 11,27.085000,,0.000000,,88.5,88.5,023,NN,023,Tone->Tone,FM,25.00,,50W,G08 CB #10
226,CB 12,27.105000,,0.000000,,88.5,88.5,023,NN,023,Tone->Tone,FM,25.00,,50W,G08 CB #11
227,CB 13,27.115000,,0.000000,,88.5,88.5,023,NN,023,Tone->Tone,FM,25.00,,50W,G08 CB #12
228,CB 14,27.125000,,0.000000,,88.5,88.5,023,NN,023,Tone->Tone,FM,25.00,,50W,G08 CB #13
229,CB 15,27.135000,,0.000000,,88.5,88.5,023,NN,023,Tone->Tone,FM,25.00,,50W,G08 CB #14
230,CB 16,27.155000,,0.000000,,88.5,88.5,023,NN,023,Tone->Tone,FM,25.00,,50W,G08 CB #15
231,CB 17,27.165000,,0.000000,,88.5,88.5,023,NN,023,Tone->Tone,FM,25.00,,50W,G08 CB #16
232,CB 18,27.175000,,0.000000,,88.5,88.5,023,NN,023,Tone->Tone,FM,25.00,,50W,G08 CB #17
233,CB 19,27.185000,,0.000000,,88.5,88.5,023,NN,023,Tone->Tone,FM,25.00,,50W,G08 CB #18
234,CB 20,27.205000,,0.000000,,88.5,88.5,023,NN,023,Tone->Tone,FM,25.00,,50W,G08 CB #19
235,CB 21,27.215000,,0.000000,,88.5,88.5,023,NN,023,Tone->Tone,FM,25.00,,50W,G08 CB #20
236,CB 22,27.225000,,0.000000,,88.5,88.5,023,NN,023,Tone->Tone,FM,25.00,,50W,G08 CB #21
237,CB 23,27.225000,,0.000000,,88.5,88.5,023,NN,023,Tone->Tone,FM,25.00,,50W,G08 CB #22
238,CB 24,27.235000,,0.000000,,88.5,88.5,023,NN,023,Tone->Tone,FM,25.00,,50W,G08 CB #23
239,CB 25,27.245000,,0.000000,,88.5,88.5,023,NN,023,Tone->Tone,FM,25.00,,50W,G08 CB #24
240,CB 26,27.265000,,0.000000,,88.5,88.5,023,NN,023,Tone->Tone,FM,25.00,,50W,G08 CB #25
241,CB 27,27.275000,,0.000000,,88.5,88.5,023,NN,023,Tone->Tone,FM,25.00,,50W,G08 CB #26
242,CB 28,27.285000,,0.000000,,88.5,88.5,023,NN,023,Tone->Tone,FM,25.00,,50W,G08 CB #27
243,CB 29,27.295000,,0.000000,,88.5,88.5,023,NN,023,Tone->Tone,FM,25.00,,50W,G08 CB #28
244,CB 30,27.305000,,0.000000,,88.5,88.5,023,NN,023,Tone->Tone,FM,25.00,,50W,G08 CB #29
245,CB 31,27.315000,,0.000000,,88.5,88.5,023,NN,023,Tone->Tone,FM,25.00,,50W,G08 CB #30
246,CB 32,27.325000,,0.000000,,88.5,88.5,023,NN,023,Tone->Tone,FM,25.00,,50W,G08 CB #31
247,CB 33,27.335000,,0.000000,,88.5,88.5,023,NN,023,Tone->Tone,FM,25.00,,50W,G08 CB #32
248,CB 34,27.345000,,0.000000,,88.5,88.5,023,NN,023,Tone->Tone,FM,25.00,,50W,G08 CB #33
249,CB 35,27.355000,,0.000000,,88.5,88.5,023,NN,023,Tone->Tone,FM,25.00,,50W,G08 CB #34
250,CB 36,27.365000,,0.000000,,88.5,88.5,023,NN,023,Tone->Tone,FM,25.00,,50W,G08 CB #35
251,CB 37,27.375000,,0.000000,,88.5,88.5,023,NN,023,Tone->Tone,FM,25.00,,50W,G08 CB #36
252,CB 38,27.385000,,0.000000,,88.5,88.5,023,NN,023,Tone->Tone,FM,25.00,,50W,G08 CB #37
253,CB 39,27.395000,,0.000000,,88.5,88.5,023,NN,023,Tone->Tone,FM,25.00,,50W,G08 CB #38
254,CB 40,27.406000,,0.000000,,88.5,88.5,023,NN,023,Tone->Tone,FM,25.00,,50W,G08 CB #39
255,LW 153-279,1.000000,,0.000000,,88.5,88.5,023,NN,023,Tone->Tone,AM,5.00,,50W,G09 HF broadcast rad #00 [TS 0.1k]
256,MW 530-1700,0.010000,,0.000000,,88.5,88.5,023,NN,023,Tone->Tone,FM,5.00,,50W,G09 HF broadcast rad #01 [TS 0.1k]
257,120m 2300-2495,2.400000,,0.000000,,88.5,88.5,023,NN,023,Tone->Tone,AM,5.00,,50W,G09 HF broadcast rad #02 [TS 0.1k]
258,90m 3200-3400,3.300000,,0.000000,,88.5,88.5,023,NN,023,Tone->Tone,AM,5.00,,50W,G09 HF broadcast rad #03 [TS 0.1k]
259,75m 3900-4000,3.950000,,0.000000,,88.5,88.5,023,NN,023,Tone->Tone,AM,5.00,,50W,G09 HF broadcast rad #04 [TS 0.1k]
260,60m 4750-5060,4.900000,,0.000000,,88.5,88.5,023,NN,023,Tone->Tone,AM,5.00,,50W,G09 HF broadcast rad #05 [TS 0.1k]
261,49m 5900-6200,6.100000,,0.000000,,88.5,88.5,023,NN,023,Tone->Tone,AM,5.00,,50W,G09 HF broadcast rad #06 [TS 0.1k]
262,41m 7200-7450,7.300000,,0.000000,,88.5,88.5,023,NN,023,Tone->Tone,AM,5.00,,50W,G09 HF broadcast rad #07 [TS 0.1k]
263,31m 9400-9900,9.680000,,0.000000,,88.5,88.5,023,NN,023,Tone->Tone,AM,5.00,,50W,G09 HF broadcast rad #08 [TS 0.1k]
264,25m 11600-12100,11.850000,,0.000000,,88.5,88.5,023,NN,023,Tone->Tone,AM,5.00,,50W,G09 HF broadcast rad #09 [TS 0.1k]
265,22m 13570-13870,13.700000,,0.000000,,88.5,88.5,023,NN,023,Tone->Tone,AM,5.00,,50W,G09 HF broadcast rad #10 [TS 0.1k]
266,19m 15100-15800,15.350000,,0.000000,,88.5,88.5,023,NN,023,Tone->Tone,AM,5.00,,50W,G09 HF broadcast rad #11 [TS 0.1k]
267,16m 17480-17900,17.650000,,0.000000,,88.5,88.5,023,NN,023,Tone->Tone,AM,5.00,,50W,G09 HF broadcast rad #12 [TS 0.1k]
268,15m 18900-19020,18.970000,,0.000000,,88.5,88.5,023,NN,023,Tone->Tone,AM,5.00,,50W,G09 HF broadcast rad #13 [TS 0.1k]
269,13m 21450-21850,21.490000,,0.000000,,88.5,88.5,023,NN,023,Tone->Tone,AM,5.00,,50W,G09 HF broadcast rad #14 [TS 0.1k]
270,11m 25600-26100,25.800000,,0.000000,,88.5,88.5,023,NN,023,Tone->Tone,AM,5.00,,50W,G09 HF broadcast rad #15 [TS 0.1k]
271,Realmix Raasepor,6.195000,,0.000000,,88.5,88.5,023,NN,023,Tone->Tone,AM,5.00,,50W,G09 HF broadcast rad #16 [TS 0.1k]
272,SWradio 1602,1.602000,,0.000000,,88.5,88.5,023,NN,023,Tone->Tone,AM,5.00,,50W,G09 HF broadcast rad #17 [TS 0.1k]
273,SWradio 5980,5.980000,,0.000000,,88.5,88.5,023,NN,023,Tone->Tone,AM,5.00,,50W,G09 HF broadcast rad #18 [TS 0.1k]
274,SWradio 6170,6.170000,,0.000000,,88.5,88.5,023,NN,023,Tone->Tone,AM,5.00,,50W,G09 HF broadcast rad #19 [TS 0.1k]
275,SWradio 11690,11.690000,,0.000000,,88.5,88.5,023,NN,023,Tone->Tone,AM,5.00,,50W,G09 HF broadcast rad #20 [TS 0.1k]
276,SWradio 11720,11.720000,,0.000000,,88.5,88.5,023,NN,023,Tone->Tone,AM,5.00,,50W,G09 HF broadcast rad #21 [TS 0.1k]
277,OH6RUC kau,434.900000,-,2.000000,,88.5,88.5,023,NN,023,Tone->Tone,FM,25.00,,50W,G10 Ham repeaters #00
278,OH6RAW kla,145.700000,-,0.600000,,88.5,88.5,023,NN,023,Tone->Tone,FM,25.00,,50W,G10 Ham repeaters #01
279,OH6RUW kla,434.800000,-,2.000000,,88.5,88.5,023,NN,023,Tone->Tone,FM,25.00,,50W,G10 Ham repeaters #02
280,OH6DMR kla,145.575000,-,0.600000,,88.5,88.5,023,NN,023,Tone->Tone,FM,25.00,,50W,G10 Ham repeaters #03
281,OH6RUG pietarsaa,434.700000,-,2.000000,,88.5,88.5,023,NN,023,Tone->Tone,FM,25.00,,50W,G10 Ham repeaters #04
282,OH8RUU ylivieska,434.600000,-,2.000000,,88.5,88.5,023,NN,023,Tone->Tone,FM,25.00,,50W,G10 Ham repeaters #05
283,OH8RAU ylivieska,145.675000,-,0.600000,,88.5,88.5,023,NN,023,Tone->Tone,FM,25.00,,50W,G10 Ham repeaters #06
284,OH6RAE viitasaar,145.775000,-,0.600000,,88.5,88.5,023,NN,023,Tone->Tone,FM,25.00,,50W,G10 Ham repeaters #07
285,OH6RVC lapua,145.650000,-,0.600000,,88.5,88.5,023,NN,023,Tone->Tone,FM,25.00,,50W,G10 Ham repeaters #08
286,OH6RUB lapua,434.625000,-,2.000000,,88.5,88.5,023,NN,023,Tone->Tone,FM,25.00,,50W,G10 Ham repeaters #09
287,OH6RUA vaasa,434.750000,-,2.000000,,88.5,88.5,023,NN,023,Tone->Tone,FM,25.00,,50W,G10 Ham repeaters #10
288,OH6RAW seinajoki,434.675000,-,2.000000,,88.5,88.5,023,NN,023,Tone->Tone,DV,25.00,,50W,G10 Ham repeaters #11 [D-STAR]
289,OH6RAH seinajoki,434.675000,-,2.000000,,88.5,88.5,023,NN,023,Tone->Tone,FM,25.00,,50W,G10 Ham repeaters #12
290,SK2RLK uumaja,145.650000,-,0.600000,,88.5,88.5,023,NN,023,Tone->Tone,FM,25.00,,50W,G10 Ham repeaters #13
291,SK2AT uumaja,145.687500,-,0.600000,,88.5,88.5,023,NN,023,Tone->Tone,DV,25.00,,50W,G10 Ham repeaters #14 [D-STAR]
292,SK2RIU Vaennass,145.725000,-,0.600000,,88.5,88.5,023,NN,023,Tone->Tone,FM,25.00,,50W,G10 Ham repeaters #15
